{
    "0": {
        "precision": 0.992445054945055,
        "recall": 0.993127147766323,
        "f1-score": 0.9927859841978701,
        "support": 2910.0
    },
    "1": {
        "precision": 0.9541484716157205,
        "recall": 0.9954441913439636,
        "f1-score": 0.9743589743589743,
        "support": 439.0
    },
    "2": {
        "precision": 0.9935205183585313,
        "recall": 0.9773371104815864,
        "f1-score": 0.985362370581935,
        "support": 1412.0
    },
    "3": {
        "precision": 0.9891304347826086,
        "recall": 1.0,
        "f1-score": 0.994535519125683,
        "support": 182.0
    },
    "accuracy": 0.9890754602468137,
    "macro avg": {
        "precision": 0.9823111199254788,
        "recall": 0.9914771123979682,
        "f1-score": 0.9867607120661155,
        "support": 4943.0
    },
    "weighted avg": {
        "precision": 0.9892290107186108,
        "recall": 0.9890754602468137,
        "f1-score": 0.989093250152126,
        "support": 4943.0
    }
}