{
    "0": {
        "precision": 0.6620416253716551,
        "recall": 0.9175824175824175,
        "f1-score": 0.7691421991940126,
        "support": 728.0
    },
    "1": {
        "precision": 0.5344827586206896,
        "recall": 0.2818181818181818,
        "f1-score": 0.36904761904761907,
        "support": 110.0
    },
    "2": {
        "precision": 0.5912408759124088,
        "recall": 0.22946175637393768,
        "f1-score": 0.3306122448979592,
        "support": 353.0
    },
    "3": {
        "precision": 0.6875,
        "recall": 0.4888888888888889,
        "f1-score": 0.5714285714285714,
        "support": 45.0
    },
    "accuracy": 0.6488673139158576,
    "macro avg": {
        "precision": 0.6188163149761884,
        "recall": 0.4794378111658565,
        "f1-score": 0.5100576586420406,
        "support": 1236.0
    },
    "weighted avg": {
        "precision": 0.6313955792200009,
        "recall": 0.6488673139158576,
        "f1-score": 0.6010931774043241,
        "support": 1236.0
    }
}