{
    "0": {
        "precision": 0.948008585738135,
        "recall": 0.9077414934916648,
        "f1-score": 0.9274381707886141,
        "support": 4379.0
    },
    "1": {
        "precision": 0.7190226876090751,
        "recall": 0.9384965831435079,
        "f1-score": 0.8142292490118577,
        "support": 439.0
    },
    "2": {
        "precision": 0.8555555555555555,
        "recall": 0.8421302900618165,
        "f1-score": 0.8487898394440451,
        "support": 2103.0
    },
    "3": {
        "precision": 0.6816479400749064,
        "recall": 1.0,
        "f1-score": 0.8106904231625836,
        "support": 182.0
    },
    "accuracy": 0.892580599746586,
    "macro avg": {
        "precision": 0.801058692244418,
        "recall": 0.9220920916742473,
        "f1-score": 0.8502869206017751,
        "support": 7103.0
    },
    "weighted avg": {
        "precision": 0.899658428161994,
        "recall": 0.892580599746586,
        "f1-score": 0.8941643079777507,
        "support": 7103.0
    }
}