{
    "0": {
        "precision": 0.9226923076923077,
        "recall": 0.8944817300521999,
        "f1-score": 0.9083680424081787,
        "support": 2682.0
    },
    "1": {
        "precision": 0.6850828729281768,
        "recall": 0.9051094890510949,
        "f1-score": 0.779874213836478,
        "support": 274.0
    },
    "2": {
        "precision": 0.8218527315914489,
        "recall": 0.7781109445277361,
        "f1-score": 0.7993839045051983,
        "support": 1334.0
    },
    "3": {
        "precision": 0.6312849162011173,
        "recall": 0.9912280701754386,
        "f1-score": 0.7713310580204779,
        "support": 114.0
    },
    "accuracy": 0.8623978201634878,
    "macro avg": {
        "precision": 0.7652282071032627,
        "recall": 0.8922325584516173,
        "f1-score": 0.8147393046925832,
        "support": 4404.0
    },
    "weighted avg": {
        "precision": 0.8698209584021367,
        "recall": 0.8623978201634878,
        "f1-score": 0.8638143718333786,
        "support": 4404.0
    }
}