{
    "0": {
        "precision": 0.9150438169425511,
        "recall": 0.8677285318559557,
        "f1-score": 0.8907582938388625,
        "support": 4332.0
    },
    "1": {
        "precision": 0.5388888888888889,
        "recall": 0.8838268792710706,
        "f1-score": 0.6695427092320967,
        "support": 439.0
    },
    "2": {
        "precision": 0.7857878475798146,
        "recall": 0.720491029272899,
        "f1-score": 0.7517241379310344,
        "support": 2118.0
    },
    "3": {
        "precision": 0.6013289036544851,
        "recall": 0.9945054945054945,
        "f1-score": 0.7494824016563147,
        "support": 182.0
    },
    "accuracy": 0.8278885589025597,
    "macro avg": {
        "precision": 0.710262364266435,
        "recall": 0.8666379837263549,
        "f1-score": 0.7653768856645771,
        "support": 7071.0
    },
    "weighted avg": {
        "precision": 0.8448992446410009,
        "recall": 0.8278885589025597,
        "f1-score": 0.8317425681660617,
        "support": 7071.0
    }
}