{
    "0": {
        "precision": 0.9360119047619048,
        "recall": 0.9149090909090909,
        "f1-score": 0.9253401986024273,
        "support": 1375.0
    },
    "1": {
        "precision": 0.7303370786516854,
        "recall": 0.948905109489051,
        "f1-score": 0.8253968253968254,
        "support": 137.0
    },
    "2": {
        "precision": 0.8440944881889764,
        "recall": 0.8011958146487295,
        "f1-score": 0.8220858895705522,
        "support": 669.0
    },
    "3": {
        "precision": 0.7037037037037037,
        "recall": 1.0,
        "f1-score": 0.8260869565217391,
        "support": 57.0
    },
    "accuracy": 0.8851653261840929,
    "macro avg": {
        "precision": 0.8035367938265676,
        "recall": 0.9162525037617179,
        "f1-score": 0.8497274675228861,
        "support": 2238.0
    },
    "weighted avg": {
        "precision": 0.8900280931780323,
        "recall": 0.8851653261840929,
        "f1-score": 0.8858286661314304,
        "support": 2238.0
    }
}