{
    "0": {
        "precision": 0.9103053435114504,
        "recall": 0.8752293577981651,
        "f1-score": 0.892422825070159,
        "support": 545.0
    },
    "1": {
        "precision": 0.6493506493506493,
        "recall": 0.9090909090909091,
        "f1-score": 0.7575757575757576,
        "support": 55.0
    },
    "2": {
        "precision": 0.7366412213740458,
        "recall": 0.7283018867924528,
        "f1-score": 0.7324478178368121,
        "support": 265.0
    },
    "3": {
        "precision": 0.92,
        "recall": 1.0,
        "f1-score": 0.9583333333333334,
        "support": 23.0
    },
    "accuracy": 0.8367117117117117,
    "macro avg": {
        "precision": 0.8040743035590364,
        "recall": 0.8781555384203817,
        "f1-score": 0.8351949334540155,
        "support": 888.0
    },
    "weighted avg": {
        "precision": 0.8425682675587256,
        "recall": 0.8367117117117117,
        "f1-score": 0.8380376629767176,
        "support": 888.0
    }
}