{
    "0": {
        "precision": 0.9209867715409367,
        "recall": 0.8852233676975945,
        "f1-score": 0.9027510075346066,
        "support": 2910.0
    },
    "1": {
        "precision": 0.711340206185567,
        "recall": 0.9430523917995444,
        "f1-score": 0.8109696376101861,
        "support": 439.0
    },
    "2": {
        "precision": 0.8062015503875969,
        "recall": 0.7365439093484419,
        "f1-score": 0.7698001480384901,
        "support": 1412.0
    },
    "3": {
        "precision": 0.6642335766423357,
        "recall": 1.0,
        "f1-score": 0.7982456140350878,
        "support": 182.0
    },
    "accuracy": 0.8521141007485333,
    "macro avg": {
        "precision": 0.7756905261891092,
        "recall": 0.8912049172113952,
        "f1-score": 0.8204416018045926,
        "support": 4943.0
    },
    "weighted avg": {
        "precision": 0.8601248140392032,
        "recall": 0.8521141007485333,
        "f1-score": 0.8527735410927191,
        "support": 4943.0
    }
}