{
    "0": {
        "precision": 0.928,
        "recall": 0.8894052044609665,
        "f1-score": 0.908292798671254,
        "support": 4304.0
    },
    "1": {
        "precision": 0.6584158415841584,
        "recall": 0.908883826879271,
        "f1-score": 0.7636363636363637,
        "support": 439.0
    },
    "2": {
        "precision": 0.811377245508982,
        "recall": 0.7839922854387656,
        "f1-score": 0.7974497302599314,
        "support": 2074.0
    },
    "3": {
        "precision": 0.6893939393939394,
        "recall": 1.0,
        "f1-score": 0.8161434977578476,
        "support": 182.0
    },
    "accuracy": 0.8622660380054293,
    "macro avg": {
        "precision": 0.77179675662177,
        "recall": 0.8955703291947508,
        "f1-score": 0.8213805975813492,
        "support": 6999.0
    },
    "weighted avg": {
        "precision": 0.870327569454318,
        "recall": 0.8622660380054293,
        "f1-score": 0.86397734337312,
        "support": 6999.0
    }
}