{
    "0": {
        "precision": 0.9123999029361806,
        "recall": 0.8691631992602866,
        "f1-score": 0.8902568959393867,
        "support": 4326.0
    },
    "1": {
        "precision": 0.6068111455108359,
        "recall": 0.8929384965831435,
        "f1-score": 0.7225806451612903,
        "support": 439.0
    },
    "2": {
        "precision": 0.7859311740890689,
        "recall": 0.7353219696969697,
        "f1-score": 0.7597847358121331,
        "support": 2112.0
    },
    "3": {
        "precision": 0.5727848101265823,
        "recall": 0.9945054945054945,
        "f1-score": 0.7269076305220884,
        "support": 182.0
    },
    "accuracy": 0.8338291542711432,
    "macro avg": {
        "precision": 0.719481758165667,
        "recall": 0.8729822900114736,
        "f1-score": 0.7748824768587247,
        "support": 7059.0
    },
    "weighted avg": {
        "precision": 0.8468006159654803,
        "recall": 0.8338291542711432,
        "f1-score": 0.8365812134650572,
        "support": 7059.0
    }
}