{
    "0": {
        "precision": 0.8243626062322946,
        "recall": 0.7994505494505495,
        "f1-score": 0.8117154811715481,
        "support": 728.0
    },
    "1": {
        "precision": 0.4396551724137931,
        "recall": 0.4636363636363636,
        "f1-score": 0.45132743362831856,
        "support": 110.0
    },
    "2": {
        "precision": 0.5098591549295775,
        "recall": 0.5127478753541076,
        "f1-score": 0.5112994350282486,
        "support": 353.0
    },
    "3": {
        "precision": 0.423728813559322,
        "recall": 0.5555555555555556,
        "f1-score": 0.4807692307692308,
        "support": 45.0
    },
    "accuracy": 0.6788025889967637,
    "macro avg": {
        "precision": 0.5494014367837468,
        "recall": 0.582847585999144,
        "f1-score": 0.5637778951493365,
        "support": 1236.0
    },
    "weighted avg": {
        "precision": 0.685716929290403,
        "recall": 0.6788025889967637,
        "f1-score": 0.6817946633831627,
        "support": 1236.0
    }
}