{
    "0": {
        "precision": 0.7322834645669292,
        "recall": 0.12774725274725274,
        "f1-score": 0.21754385964912282,
        "support": 728.0
    },
    "1": {
        "precision": 0.43478260869565216,
        "recall": 0.09090909090909091,
        "f1-score": 0.15037593984962405,
        "support": 110.0
    },
    "2": {
        "precision": 0.29727187206020694,
        "recall": 0.8951841359773371,
        "f1-score": 0.4463276836158192,
        "support": 353.0
    },
    "3": {
        "precision": 0.6956521739130435,
        "recall": 0.35555555555555557,
        "f1-score": 0.47058823529411764,
        "support": 45.0
    },
    "accuracy": 0.35194174757281554,
    "macro avg": {
        "precision": 0.5399975298089579,
        "recall": 0.3673490087973091,
        "f1-score": 0.32120892960217096,
        "support": 1236.0
    },
    "weighted avg": {
        "precision": 0.5802344399875293,
        "recall": 0.35194174757281554,
        "f1-score": 0.2861192767901614,
        "support": 1236.0
    }
}