{
    "0": {
        "precision": 0.8671532846715329,
        "recall": 0.8159340659340659,
        "f1-score": 0.8407643312101911,
        "support": 728.0
    },
    "1": {
        "precision": 0.6589147286821705,
        "recall": 0.7727272727272727,
        "f1-score": 0.7112970711297071,
        "support": 110.0
    },
    "2": {
        "precision": 0.6422535211267606,
        "recall": 0.6458923512747875,
        "f1-score": 0.6440677966101694,
        "support": 353.0
    },
    "3": {
        "precision": 0.5671641791044776,
        "recall": 0.8444444444444444,
        "f1-score": 0.6785714285714286,
        "support": 45.0
    },
    "accuracy": 0.7645631067961165,
    "macro avg": {
        "precision": 0.6838714283962354,
        "recall": 0.7697495335951426,
        "f1-score": 0.718675156880374,
        "support": 1236.0
    },
    "weighted avg": {
        "precision": 0.7734677123085458,
        "recall": 0.7645631067961165,
        "f1-score": 0.7671608069857532,
        "support": 1236.0
    }
}