{
    "0": {
        "precision": 0.8715728715728716,
        "recall": 0.8296703296703297,
        "f1-score": 0.8501055594651654,
        "support": 728.0
    },
    "1": {
        "precision": 0.7326732673267327,
        "recall": 0.6727272727272727,
        "f1-score": 0.7014218009478673,
        "support": 110.0
    },
    "2": {
        "precision": 0.6510416666666666,
        "recall": 0.7082152974504249,
        "f1-score": 0.6784260515603799,
        "support": 353.0
    },
    "3": {
        "precision": 0.6206896551724138,
        "recall": 0.8,
        "f1-score": 0.6990291262135923,
        "support": 45.0
    },
    "accuracy": 0.7799352750809061,
    "macro avg": {
        "precision": 0.7189943651846711,
        "recall": 0.7526532249620068,
        "f1-score": 0.7322456345467513,
        "support": 1236.0
    },
    "weighted avg": {
        "precision": 0.7870937319798406,
        "recall": 0.7799352750809061,
        "f1-score": 0.7823413853360288,
        "support": 1236.0
    }
}