{
    "0": {
        "precision": 0.8883994126284875,
        "recall": 0.8310439560439561,
        "f1-score": 0.8587650816181689,
        "support": 728.0
    },
    "1": {
        "precision": 0.7121212121212122,
        "recall": 0.8545454545454545,
        "f1-score": 0.7768595041322314,
        "support": 110.0
    },
    "2": {
        "precision": 0.7122905027932961,
        "recall": 0.7223796033994334,
        "f1-score": 0.7172995780590717,
        "support": 353.0
    },
    "3": {
        "precision": 0.5692307692307692,
        "recall": 0.8222222222222222,
        "f1-score": 0.6727272727272727,
        "support": 45.0
    },
    "accuracy": 0.801779935275081,
    "macro avg": {
        "precision": 0.7205104741934412,
        "recall": 0.8075478090527666,
        "f1-score": 0.7564128591341862,
        "support": 1236.0
    },
    "weighted avg": {
        "precision": 0.81079452898729,
        "recall": 0.801779935275081,
        "f1-score": 0.8043001644014175,
        "support": 1236.0
    }
}