{
    "0": {
        "precision": 0.8613861386138614,
        "recall": 0.8365384615384616,
        "f1-score": 0.848780487804878,
        "support": 728.0
    },
    "1": {
        "precision": 0.6377952755905512,
        "recall": 0.7363636363636363,
        "f1-score": 0.6835443037974683,
        "support": 110.0
    },
    "2": {
        "precision": 0.7035928143712575,
        "recall": 0.6657223796033994,
        "f1-score": 0.6841339155749636,
        "support": 353.0
    },
    "3": {
        "precision": 0.5441176470588235,
        "recall": 0.8222222222222222,
        "f1-score": 0.6548672566371682,
        "support": 45.0
    },
    "accuracy": 0.7783171521035599,
    "macro avg": {
        "precision": 0.6867229689086234,
        "recall": 0.76521167493193,
        "f1-score": 0.7178314909536195,
        "support": 1236.0
    },
    "weighted avg": {
        "precision": 0.784870668945431,
        "recall": 0.7783171521035599,
        "f1-score": 0.7799922065423199,
        "support": 1236.0
    }
}