{
    "0": {
        "precision": 0.8641618497109826,
        "recall": 0.8214285714285714,
        "f1-score": 0.8422535211267606,
        "support": 728.0
    },
    "1": {
        "precision": 0.5929203539823009,
        "recall": 0.6090909090909091,
        "f1-score": 0.600896860986547,
        "support": 110.0
    },
    "2": {
        "precision": 0.5956284153005464,
        "recall": 0.6175637393767706,
        "f1-score": 0.6063977746870653,
        "support": 353.0
    },
    "3": {
        "precision": 0.5230769230769231,
        "recall": 0.7555555555555555,
        "f1-score": 0.6181818181818182,
        "support": 45.0
    },
    "accuracy": 0.7419093851132686,
    "macro avg": {
        "precision": 0.6439468855176882,
        "recall": 0.7009096938629517,
        "f1-score": 0.6669324937455477,
        "support": 1236.0
    },
    "weighted avg": {
        "precision": 0.7509112926110056,
        "recall": 0.7419093851132686,
        "f1-score": 0.7452555132455645,
        "support": 1236.0
    }
}