{
    "0": {
        "precision": 0.8780841799709724,
        "recall": 0.8310439560439561,
        "f1-score": 0.8539167254763586,
        "support": 728.0
    },
    "1": {
        "precision": 0.7175572519083969,
        "recall": 0.8545454545454545,
        "f1-score": 0.7800829875518672,
        "support": 110.0
    },
    "2": {
        "precision": 0.695906432748538,
        "recall": 0.6742209631728046,
        "f1-score": 0.6848920863309352,
        "support": 353.0
    },
    "3": {
        "precision": 0.5135135135135135,
        "recall": 0.8444444444444444,
        "f1-score": 0.6386554621848739,
        "support": 45.0
    },
    "accuracy": 0.7888349514563107,
    "macro avg": {
        "precision": 0.7012653445353553,
        "recall": 0.801063704551665,
        "f1-score": 0.7393868153860087,
        "support": 1236.0
    },
    "weighted avg": {
        "precision": 0.7984948702242182,
        "recall": 0.7888349514563107,
        "f1-score": 0.7912353616914514,
        "support": 1236.0
    }
}